user_id,executed_by,action_taken,notes,timestamp
sub_05378,lifecycle-tool,limit_reset,sent as suggested,2026-09-28T09:00:00Z
sub_07657,lifecycle-tool,limit_reset,sent as suggested,2026-09-28T09:00:00Z
sub_03681,lifecycle-tool,limit_reset,sent as suggested,2026-09-28T09:00:00Z
sub_00906,lifecycle-tool,limit_reset,sent as suggested,2026-09-28T09:00:00Z
sub_00201,none,holdout,holdout: nothing sent,2026-09-28T09:00:00Z
sub_01901,lifecycle-tool,limit_reset,sent as suggested,2026-09-28T09:00:00Z
sub_01573,lifecycle-tool,limit_reset,sent as suggested,2026-09-28T09:00:00Z
sub_02370,lifecycle-tool,limit_reset,sent as suggested,2026-09-28T09:00:00Z
sub_01434,lifecycle-tool,cancel_flow_discount,sent as suggested,2026-09-28T09:00:00Z
sub_01989,lifecycle-tool,limit_reset,sent as suggested,2026-09-28T09:00:00Z
sub_05763,lifecycle-tool,limit_reset,sent as suggested,2026-09-28T09:00:00Z
sub_00657,lifecycle-tool,limit_reset,sent as suggested,2026-09-28T09:00:00Z
sub_01335,lifecycle-tool,limit_reset,sent as suggested,2026-09-28T09:00:00Z
sub_05540,lifecycle-tool,limit_reset,sent as suggested,2026-09-28T09:00:00Z
sub_02582,lifecycle-tool,cancel_flow_discount,sent as suggested,2026-09-28T09:00:00Z
sub_05181,lifecycle-tool,limit_reset,sent as suggested,2026-09-28T09:00:00Z
sub_04166,lifecycle-tool,limit_reset,sent as suggested,2026-09-28T09:00:00Z
sub_05381,lifecycle-tool,limit_reset,sent as suggested,2026-09-28T09:00:00Z
sub_02138,none,holdout,holdout: nothing sent,2026-09-28T09:00:00Z
sub_05253,lifecycle-tool,cancel_flow_discount,sent as suggested,2026-09-28T09:00:00Z
sub_01389,none,holdout,holdout: nothing sent,2026-09-28T09:00:00Z
sub_03626,lifecycle-tool,limit_reset,sent as suggested,2026-09-28T09:00:00Z
sub_04491,lifecycle-tool,limit_reset,sent as suggested,2026-09-28T09:00:00Z
sub_05082,lifecycle-tool,limit_reset,sent as suggested,2026-09-28T09:00:00Z
sub_01241,lifecycle-tool,limit_reset,sent as suggested,2026-09-28T09:00:00Z
sub_02410,lifecycle-tool,cancel_flow_discount,sent as suggested,2026-09-28T09:00:00Z
sub_03183,lifecycle-tool,cancel_flow_discount,sent as suggested,2026-09-28T09:00:00Z
sub_05726,lifecycle-tool,cancel_flow_discount,sent as suggested,2026-09-28T09:00:00Z
sub_01224,lifecycle-tool,limit_reset,sent as suggested,2026-09-28T09:00:00Z
sub_06217,lifecycle-tool,limit_reset,sent as suggested,2026-09-28T09:00:00Z
sub_07470,lifecycle-tool,limit_reset,sent as suggested,2026-09-28T09:00:00Z
sub_00874,lifecycle-tool,cancel_flow_discount,sent as suggested,2026-09-28T09:00:00Z
sub_03796,lifecycle-tool,pause_offer,sent as suggested,2026-09-28T09:00:00Z
sub_06568,none,holdout,holdout: nothing sent,2026-09-28T09:00:00Z
sub_05862,lifecycle-tool,cancel_flow_discount,sent as suggested,2026-09-28T09:00:00Z
sub_07749,lifecycle-tool,cancel_flow_discount,sent as suggested,2026-09-28T09:00:00Z
sub_05467,lifecycle-tool,cancel_flow_discount,sent as suggested,2026-09-28T09:00:00Z
sub_03951,lifecycle-tool,cancel_flow_discount,sent as suggested,2026-09-28T09:00:00Z
sub_01966,lifecycle-tool,limit_reset,sent as suggested,2026-09-28T09:00:00Z
sub_04466,lifecycle-tool,pause_offer,sent as suggested,2026-09-28T09:00:00Z
sub_03424,lifecycle-tool,limit_reset,sent as suggested,2026-09-28T09:00:00Z
sub_01742,lifecycle-tool,limit_reset,sent as suggested,2026-09-28T09:00:00Z
sub_07117,lifecycle-tool,pause_offer,sent as suggested,2026-09-28T09:00:00Z
sub_07069,lifecycle-tool,limit_reset,sent as suggested,2026-09-28T09:00:00Z
sub_07866,lifecycle-tool,limit_reset,sent as suggested,2026-09-28T09:00:00Z
sub_05901,lifecycle-tool,limit_reset,sent as suggested,2026-09-28T09:00:00Z
sub_05325,lifecycle-tool,limit_reset,sent as suggested,2026-09-28T09:00:00Z
sub_05711,lifecycle-tool,cancel_flow_discount,sent as suggested,2026-09-28T09:00:00Z
sub_03301,lifecycle-tool,limit_reset,sent as suggested,2026-09-28T09:00:00Z
sub_00198,lifecycle-tool,limit_reset,sent as suggested,2026-09-28T09:00:00Z
sub_06158,lifecycle-tool,cancel_flow_discount,sent as suggested,2026-09-28T09:00:00Z
sub_06359,lifecycle-tool,cancel_flow_discount,sent as suggested,2026-09-28T09:00:00Z
sub_00538,lifecycle-tool,cancel_flow_discount,sent as suggested,2026-09-28T09:00:00Z
sub_03359,lifecycle-tool,cancel_flow_discount,sent as suggested,2026-09-28T09:00:00Z
sub_00240,none,holdout,holdout: nothing sent,2026-09-28T09:00:00Z
sub_07546,lifecycle-tool,cancel_flow_discount,sent as suggested,2026-09-28T09:00:00Z
sub_04058,lifecycle-tool,cancel_flow_discount,sent as suggested,2026-09-28T09:00:00Z
sub_01056,lifecycle-tool,limit_reset,sent as suggested,2026-09-28T09:00:00Z
sub_04791,lifecycle-tool,cancel_flow_discount,sent as suggested,2026-09-28T09:00:00Z
sub_05149,lifecycle-tool,limit_reset,sent as suggested,2026-09-28T09:00:00Z
sub_03170,lifecycle-tool,suppressed (marketing opt-out),email suppressed by opt-out list; logged so it is not counted as treated,2026-09-28T09:00:00Z
sub_00310,a person (simulated),personal_email,written and sent by a person,2026-09-28T09:00:00Z
sub_06315,lifecycle-tool,pause_offer,sent as suggested,2026-09-28T09:00:00Z
sub_07004,lifecycle-tool,limit_reset,sent as suggested,2026-09-28T09:00:00Z
sub_03110,none,holdout,holdout: nothing sent,2026-09-28T09:00:00Z
sub_04116,lifecycle-tool,cancel_flow_discount,sent as suggested,2026-09-28T09:00:00Z
sub_05805,lifecycle-tool,limit_reset,sent as suggested,2026-09-28T09:00:00Z
sub_01413,lifecycle-tool,limit_reset,sent as suggested,2026-09-28T09:00:00Z
sub_03568,lifecycle-tool,limit_reset,sent as suggested,2026-09-28T09:00:00Z
sub_03243,lifecycle-tool,pause_offer,sent as suggested,2026-09-28T09:00:00Z
sub_03630,lifecycle-tool,limit_reset,sent as suggested,2026-09-28T09:00:00Z
sub_03507,lifecycle-tool,limit_reset,sent as suggested,2026-09-28T09:00:00Z
sub_00438,lifecycle-tool,cancel_flow_discount,sent as suggested,2026-09-28T09:00:00Z
sub_06917,lifecycle-tool,limit_reset,sent as suggested,2026-09-28T09:00:00Z
sub_06916,lifecycle-tool,cancel_flow_discount,sent as suggested,2026-09-28T09:00:00Z
sub_05013,lifecycle-tool,cancel_flow_discount,sent as suggested,2026-09-28T09:00:00Z
sub_05507,lifecycle-tool,limit_reset,sent as suggested,2026-09-28T09:00:00Z
sub_03733,lifecycle-tool,pause_offer,sent as suggested,2026-09-28T09:00:00Z
sub_05630,lifecycle-tool,cancel_flow_discount,sent as suggested,2026-09-28T09:00:00Z
sub_06012,lifecycle-tool,pause_offer,sent as suggested,2026-09-28T09:00:00Z
sub_00269,lifecycle-tool,cancel_flow_discount,sent as suggested,2026-09-28T09:00:00Z
sub_04572,lifecycle-tool,cancel_flow_discount,sent as suggested,2026-09-28T09:00:00Z
sub_03250,lifecycle-tool,limit_reset,sent as suggested,2026-09-28T09:00:00Z
sub_07282,lifecycle-tool,cancel_flow_discount,sent as suggested,2026-09-28T09:00:00Z
sub_04568,lifecycle-tool,pause_offer,sent as suggested,2026-09-28T09:00:00Z
sub_00681,lifecycle-tool,limit_reset,sent as suggested,2026-09-28T09:00:00Z
sub_03306,none,holdout,holdout: nothing sent,2026-09-28T09:00:00Z
sub_06971,lifecycle-tool,cancel_flow_discount,sent as suggested,2026-09-28T09:00:00Z
sub_03959,lifecycle-tool,pause_offer,sent as suggested,2026-09-28T09:00:00Z
sub_07670,lifecycle-tool,limit_reset,sent as suggested,2026-09-28T09:00:00Z
sub_maya,lifecycle-tool,limit_reset,sent as suggested,2026-09-28T09:00:00Z
sub_05848,lifecycle-tool,cancel_flow_discount,sent as suggested,2026-09-28T09:00:00Z
sub_02031,lifecycle-tool,cancel_flow_discount,sent as suggested,2026-09-28T09:00:00Z
sub_05689,lifecycle-tool,pause_offer,sent as suggested,2026-09-28T09:00:00Z
sub_05524,lifecycle-tool,limit_reset,sent as suggested,2026-09-28T09:00:00Z
sub_00042,lifecycle-tool,cancel_flow_discount,sent as suggested,2026-09-28T09:00:00Z
sub_03678,lifecycle-tool,limit_reset,sent as suggested,2026-09-28T09:00:00Z
sub_06940,lifecycle-tool,cancel_flow_discount,sent as suggested,2026-09-28T09:00:00Z
sub_02651,lifecycle-tool,limit_reset,sent as suggested,2026-09-28T09:00:00Z
sub_00784,lifecycle-tool,cancel_flow_discount,sent as suggested,2026-09-28T09:00:00Z
sub_00166,lifecycle-tool,pause_offer,sent as suggested,2026-09-28T09:00:00Z
sub_06183,lifecycle-tool,pause_offer,sent as suggested,2026-09-28T09:00:00Z
sub_01579,lifecycle-tool,pause_offer,sent as suggested,2026-09-28T09:00:00Z
sub_06622,lifecycle-tool,limit_reset,sent as suggested,2026-09-28T09:00:00Z
sub_02867,lifecycle-tool,cancel_flow_discount,sent as suggested,2026-09-28T09:00:00Z
sub_01639,lifecycle-tool,cancel_flow_discount,sent as suggested,2026-09-28T09:00:00Z
sub_05110,lifecycle-tool,cancel_flow_discount,sent as suggested,2026-09-28T09:00:00Z
sub_07822,lifecycle-tool,limit_reset,sent as suggested,2026-09-28T09:00:00Z
sub_06078,none,no_action,nothing sent,2026-09-28T09:00:00Z
sub_arjun,none,no_action,nothing sent,2026-09-28T09:00:00Z
