user_id,user_name,plan_tier,renewals_completed,active_days_7d,active_days_28d,engagement_trend,last_active_days_ago,agent_requests_28d,allowance_used_pct,limit_hits_14d,cheap_model_share_28d,overage_usd_28d,overage_toggled_off,suggestion_accept_rate_28d,accept_rate_change,agent_task_success_rate,failed_requests_rate,incident_exposed_28d,support_tickets_90d,ide_sessions_28d,cli_sessions_28d,weekend_usage_ratio,first_renewal_after_pricing_change
sub_00007,Riley Brown,pro,2,2,13,0.6154,0,95,0.2194,0,0.1307,0.0,0,0.0755,0.9044,0.5775,0.0279,0,0,6,14,0.1126,0
sub_00019,Casey Nguyen,pro,22,0,5,0.0,13,138,0.3386,0,0.2874,0.0,0,0.3002,0.8888,0.6625,0.0348,0,0,2,5,0.1973,0
sub_00042,Alex Lee,pro,0,2,6,1.3333,1,264,0.5347,0,0.0323,0.0,0,0.2224,0.7963,0.4965,0.0781,1,0,4,10,0.0683,0
sub_00122,Alex Kim,pro,12,0,8,0.0,36,582,1.3233,3,0.4638,4.5,0,0.2052,0.9943,0.5531,0.0335,0,0,5,10,0.0488,1
sub_00149,Sam Davis,pro_plus,5,1,16,0.25,2,779,0.588,0,0.3281,0.0,0,0.2916,1.1486,0.6262,0.0214,0,0,35,2,0.1515,1
sub_00159,Casey Wilson,pro,1,3,13,0.9231,2,451,1.2979,1,0.3083,0.0,0,0.2514,0.8704,0.589,0.0725,1,0,33,3,0.7089,0
sub_00166,Morgan Davis,pro,1,1,3,1.0,1,224,0.5177,0,0.1178,0.0,0,0.2133,0.9102,0.4217,0.0303,0,0,3,1,0.7383,0
sub_00198,Riley Lee,pro,3,5,12,1.6667,1,854,1.81,8,0.7768,12.01,1,0.1509,0.9201,0.5828,0.0347,0,2,21,2,0.2129,0
sub_00201,Casey Garcia,pro,9,1,9,0.4444,1,418,1.6763,6,0.8055,0.0,0,0.1495,0.8826,0.424,0.1047,1,0,6,4,0.2862,0
sub_00229,Quinn Garcia,pro,7,2,12,0.6667,2,317,0.6972,0,0.2252,0.0,0,0.1918,0.9866,0.5013,0.0673,0,0,14,8,0.0379,0
sub_00239,Morgan Garcia,ultra,0,3,14,0.8571,0,1269,0.1409,0,0.1131,0.0,0,0.3115,0.915,0.5431,0.0921,1,0,20,7,0.1596,1
sub_00240,Morgan Nguyen,pro,1,4,9,1.7778,0,462,1.5562,5,0.5986,0.0,0,0.2293,0.9136,0.5358,0.0367,0,0,15,3,0.6916,0
sub_00269,Alex Lee,pro,0,2,8,1.0,2,323,0.6656,0,0.2676,0.0,0,0.2729,0.9991,0.4911,0.0242,0,0,18,3,0.322,0
sub_00310,Alex Garcia,ultra,1,1,6,0.6667,2,263,0.0306,0,0.2936,0.0,0,0.2249,0.7815,0.567,0.0777,1,2,8,1,0.4465,1
sub_00341,Alex Nguyen,pro,8,2,14,0.5714,2,649,1.348,1,0.2689,5.7,1,0.2679,0.9332,0.5715,0.0561,0,1,0,15,0.0801,0
sub_00361,Taylor Wilson,ultra,2,3,12,1.0,2,449,0.049,0,0.2394,0.0,0,0.1877,0.9141,0.4714,0.0961,1,1,12,14,0.1693,0
sub_00415,Alex Wilson,pro,8,1,7,0.5714,1,459,1.1406,1,0.3057,0.0,0,0.2841,1.0138,0.5343,0.0827,1,1,5,5,0.4981,0
sub_00438,Jordan Kim,pro,0,1,14,0.2857,1,531,1.1523,1,0.2685,1.85,0,0.2093,0.9264,0.6199,0.0203,0,0,21,6,0.1271,1
sub_00538,Alex Garcia,pro,0,0,7,0.0,21,311,0.7109,0,0.2433,0.0,0,0.2338,0.9285,0.6295,0.063,0,0,6,5,0.2254,0
sub_00593,Alex Wilson,pro,15,0,10,0.0,10,337,0.7994,1,0.204,0.0,0,0.322,0.888,0.6322,0.0877,1,0,11,3,0.1288,0
sub_00637,Morgan Patel,pro,6,3,14,0.8571,1,225,0.4342,0,0.3055,0.0,0,0.3021,0.8438,0.4034,0.075,1,2,29,11,0.1852,0
sub_00648,Quinn Brown,pro,4,3,12,1.0,1,383,0.8746,1,0.2024,0.0,0,0.2238,0.7363,0.4417,0.0706,1,1,7,9,0.0743,0
sub_00657,Quinn Nguyen,pro,7,2,14,0.5714,1,871,2.7579,13,0.5276,46.12,0,0.236,0.7519,0.4837,0.0288,0,0,23,15,0.1752,1
sub_00681,Sam Davis,pro,11,4,15,1.0667,1,449,2.688,7,0.8237,0.0,0,0.2393,0.8865,0.5896,0.0763,1,0,9,19,0.608,0
sub_00684,Jordan Lee,pro,12,3,7,1.7143,2,84,0.1943,0,0.1876,0.0,0,0.2819,1.0782,0.5631,0.027,0,0,6,10,0.3755,0
sub_00723,Quinn Garcia,pro_plus,10,3,15,0.8,1,1141,0.871,1,0.2514,0.0,0,0.3136,0.9255,0.5392,0.0918,1,0,30,0,0.4047,1
sub_00753,Taylor Garcia,pro,2,5,14,1.4286,1,200,0.4549,0,0.1398,0.0,0,0.2889,0.879,0.2264,0.105,1,0,24,9,0.3384,0
sub_00784,Quinn Kim,pro_plus,1,2,13,0.6154,2,180,0.143,0,0.3738,0.0,0,0.2463,0.7891,0.4272,0.0326,0,0,7,18,0.2587,1
sub_00818,Alex Nguyen,pro,6,3,8,1.5,0,495,1.0475,0,0.2309,0.0,0,0.3926,1.2176,0.6858,0.072,1,0,9,6,0.0555,1
sub_00874,Morgan Patel,pro,0,0,0,0.0,18,189,0.4621,0,0.397,0.0,0,0.2974,0.9552,0.5674,0.0692,0,0,0,0,0.1091,1
sub_00893,Taylor Davis,pro_plus,8,0,12,0.0,49,367,0.2619,0,0.1771,0.0,0,0.3654,1.003,0.7273,0.0418,0,0,7,10,0.1256,0
sub_00906,Quinn Brown,pro,0,2,5,1.6,1,495,1.0572,2,0.4128,1.43,1,0.1989,0.9201,0.4953,0.1391,0,1,4,10,0.2036,0
sub_00921,Riley Wilson,pro,12,4,15,1.0667,2,558,1.2762,3,0.4389,4.43,1,0.4001,0.9566,0.6187,0.0292,0,0,26,2,0.2516,0
sub_00930,Casey Brown,pro_plus,2,6,21,1.1429,0,1336,1.201,0,0.2884,0.0,0,0.2671,0.9743,0.5522,0.0255,0,0,9,30,0.4383,0
sub_00957,Alex Lee,pro_plus,1,4,17,0.9412,0,781,0.5635,0,0.0892,0.0,0,0.3924,0.9556,0.7502,0.0732,1,0,19,6,0.0609,0
sub_00988,Alex Lee,pro,26,1,7,0.5714,2,115,0.2767,0,0.2973,0.0,0,0.3202,1.1257,0.7408,0.0201,0,1,4,12,0.1679,0
sub_00995,Morgan Patel,pro,1,1,7,0.5714,0,137,0.3055,0,0.0726,0.0,0,0.2693,0.9386,0.5877,0.0811,1,2,13,4,0.0638,0
sub_00999,Taylor Davis,pro,8,2,7,1.1429,0,216,0.5285,0,0.1387,0.0,0,0.1388,0.9203,0.6231,0.0638,0,0,4,7,0.6286,0
sub_01016,Morgan Nguyen,pro,2,3,13,0.9231,0,356,0.8035,0,0.1754,0.0,0,0.1745,1.0509,0.6409,0.0303,0,0,13,12,0.3169,1
sub_01024,Casey Wilson,pro,7,0,10,0.0,54,215,0.4416,0,0.2864,0.0,0,0.3453,1.0413,0.6767,0.0401,0,0,9,7,0.7534,1
sub_01038,Morgan Lee,pro,11,4,11,1.4545,1,468,1.9189,4,0.5896,0.0,0,0.3024,0.8526,0.576,0.0218,0,0,11,12,0.506,0
sub_01051,Alex Lee,pro_plus,8,2,13,0.6154,0,374,0.2594,0,0.1222,0.0,0,0.2711,1.0613,0.4703,0.031,0,1,10,17,0.0626,1
sub_01056,Alex Brown,pro,6,3,15,0.8,1,429,1.2987,3,0.5774,0.0,0,0.1866,0.9051,0.5547,0.0426,0,0,13,19,0.356,1
sub_01085,Alex Lee,pro,1,2,5,1.6,0,103,0.2525,0,0.2139,0.0,0,0.3531,1.0898,0.6339,0.0292,0,0,10,0,0.2243,0
sub_01118,Jordan Wilson,pro_plus,10,4,15,1.0667,1,659,0.4899,0,0.268,0.0,0,0.1805,1.0066,0.5708,0.038,0,0,30,3,0.2269,1
sub_01144,Riley Lee,pro,6,0,7,0.0,9,247,0.4855,0,0.1921,0.0,0,0.1598,1.0336,0.7786,0.096,0,0,4,7,0.2545,0
sub_01188,Casey Kim,pro_plus,3,5,19,1.0526,1,350,0.2713,0,0.1888,0.0,0,0.2312,1.0638,0.5232,0.0848,1,0,15,14,0.1371,0
sub_01196,Sam Nguyen,pro,3,2,7,1.1429,1,195,0.4401,0,0.2244,0.0,0,0.1444,1.0567,0.4583,0.026,0,1,7,7,0.1006,1
sub_01224,Quinn Kim,pro,0,5,20,1.0,2,424,1.4544,4,0.5305,0.0,0,0.2793,0.9591,0.5796,0.0522,0,1,12,12,0.4268,1
sub_01241,Alex Nguyen,pro,0,2,11,0.7273,2,423,0.9333,2,0.3516,0.0,0,0.2442,0.9005,0.547,0.0273,0,0,16,4,0.5813,1
sub_01299,Casey Davis,pro,6,3,9,1.3333,0,897,2.5221,11,0.7245,39.2,1,0.1639,1.1156,0.7658,0.0294,0,1,13,0,0.5673,0
sub_01300,Riley Davis,pro,13,1,8,0.5,2,104,0.2575,0,0.2492,0.0,0,0.248,0.9097,0.4622,0.0254,0,0,12,1,0.3325,0
sub_01304,Alex Garcia,pro_plus,2,4,14,1.1429,0,459,0.3392,0,0.1829,0.0,0,0.2122,1.0008,0.5734,0.0507,0,0,16,11,0.0837,0
sub_01335,Alex Wilson,pro,1,3,18,0.6667,0,638,1.4255,4,0.5778,8.94,1,0.1488,0.8252,0.5485,0.083,1,1,10,25,0.3018,1
sub_01363,Morgan Davis,pro,2,5,8,2.5,1,146,0.3375,0,0.1556,0.0,0,0.1922,0.6194,0.3778,0.1646,1,1,8,6,0.7741,0
sub_01389,Sam Garcia,pro_plus,0,1,8,0.5,1,408,0.2865,0,0.3554,0.0,0,0.3125,0.8927,0.3239,0.0409,0,0,11,0,0.1579,0
sub_01392,Jordan Brown,pro,10,1,5,0.8,2,344,0.7745,1,0.4393,0.0,0,0.2938,1.0079,0.5765,0.0739,1,0,5,3,0.1458,0
sub_01413,Jordan Kim,pro,15,0,2,0.0,26,440,1.384,5,0.5285,0.0,0,0.2935,0.9381,0.6401,0.0406,0,0,2,1,0.2231,1
sub_01416,Alex Nguyen,pro,8,1,14,0.2857,1,476,0.9399,2,0.3376,0.0,0,0.1843,0.9917,0.5413,0.0432,0,0,10,7,0.1481,0
sub_01434,Casey Wilson,pro,1,1,8,0.5,1,234,0.4871,0,0.2657,0.0,0,0.196,0.8184,0.3609,0.0753,1,2,3,4,0.0683,0
sub_01444,Alex Brown,pro,0,2,8,1.0,2,100,0.2266,0,0.1841,0.0,0,0.3224,0.9171,0.6136,0.0268,0,1,11,3,0.1442,0
sub_01461,Morgan Wilson,pro,15,2,9,0.8889,1,302,0.6252,0,0.2506,0.0,0,0.1943,1.1159,0.5051,0.0925,0,0,14,4,0.1768,1
sub_01475,Jordan Davis,pro,3,6,17,1.4118,1,462,1.0421,3,0.4755,0.0,0,0.222,0.9614,0.614,0.1098,1,1,16,26,0.3145,0
sub_01515,Jordan Wilson,pro,10,0,11,0.0,8,452,1.865,3,0.401,0.0,0,0.2905,0.862,0.5185,0.0265,0,0,19,3,0.6541,0
sub_01546,Alex Wilson,pro,0,2,9,0.8889,1,262,0.5529,0,0.2328,0.0,0,0.3116,1.0823,0.6168,0.0425,0,0,18,3,0.2769,1
sub_01552,Jordan Nguyen,pro,19,2,12,0.6667,2,965,2.8217,18,0.6985,25.88,0,0.3713,1.0004,0.7574,0.0276,0,0,17,7,0.6014,0
sub_01561,Quinn Davis,pro,12,4,13,1.2308,1,190,0.4443,0,0.277,0.0,0,0.1881,1.155,0.55,0.029,0,1,16,11,0.644,0
sub_01573,Quinn Lee,pro,7,0,16,0.0,32,722,1.6389,9,0.6145,16.64,0,0.1704,0.8668,0.4255,0.0328,0,0,19,21,0.4632,0
sub_01579,Jordan Kim,pro,4,1,8,0.5,1,226,0.4543,0,0.2618,0.0,0,0.1778,0.9195,0.5541,0.0829,1,0,8,10,0.6072,1
sub_01594,Jordan Patel,pro,3,2,7,1.1429,0,390,0.8885,1,0.4151,0.0,0,0.1873,0.9213,0.6854,0.0326,0,0,5,3,0.5354,0
sub_01609,Quinn Brown,pro,4,3,17,0.7059,1,439,0.9814,2,0.3604,0.0,0,0.3077,1.1253,0.5621,0.0228,0,0,5,22,0.0324,0
sub_01632,Quinn Davis,pro,0,1,4,1.0,1,170,0.3793,0,0.2596,0.0,0,0.2354,1.0341,0.6044,0.0795,1,1,8,2,0.1183,0
sub_01639,Jordan Lee,pro_plus,0,1,9,0.4444,1,727,0.5112,0,0.292,0.0,0,0.1795,0.9484,0.6265,0.0942,1,1,12,12,0.1637,1
sub_01680,Sam Davis,pro,1,4,8,2.0,2,450,1.0221,0,0.2341,0.0,0,0.2331,0.9963,0.6138,0.0925,1,0,1,12,0.8426,1
sub_01742,Morgan Nguyen,pro,2,3,5,2.4,1,447,1.3904,7,0.7577,0.0,0,0.2742,0.8214,0.5605,0.1335,1,0,6,2,0.2488,0
sub_01759,Morgan Patel,pro,11,1,9,0.4444,0,132,0.3319,0,0.2537,0.0,0,0.2846,0.9188,0.4442,0.0209,0,0,11,9,0.1035,0
sub_01788,Taylor Nguyen,pro,9,0,8,0.0,21,154,0.3819,0,0.0878,0.0,0,0.4,1.1294,0.6456,0.0389,0,0,5,5,0.2977,0
sub_01848,Jordan Garcia,pro,1,6,15,1.6,1,914,2.242,6,0.6176,15.81,0,0.2888,0.9062,0.5425,0.0744,1,0,21,8,0.1706,0
sub_01852,Alex Lee,pro_plus,5,5,18,1.1111,2,233,0.1621,0,0.1303,0.0,0,0.2905,1.0309,0.6141,0.0252,0,0,33,8,0.0878,0
sub_01901,Riley Lee,pro,0,4,18,0.8889,1,453,1.2144,6,0.7808,0.0,0,0.1368,1.053,0.3793,0.0351,0,0,36,7,0.1907,0
sub_01904,Quinn Brown,pro,4,4,7,2.2857,0,138,0.2971,0,0.3155,0.0,0,0.4763,1.2017,0.9308,0.0327,0,1,9,4,0.1654,0
sub_01939,Casey Brown,pro,2,1,15,0.2667,2,219,0.4685,0,0.3047,0.0,0,0.2403,0.8582,0.4907,0.0454,0,0,21,0,0.1934,0
sub_01952,Quinn Brown,pro,4,3,5,2.4,1,418,0.8969,0,0.3607,0.0,0,0.2045,0.9835,0.4587,0.0454,0,0,11,1,0.6264,1
sub_01959,Sam Garcia,pro,3,2,12,0.6667,1,90,0.1932,0,0.1867,0.0,0,0.2922,0.8902,0.5561,0.0295,0,2,8,5,0.2655,0
sub_01966,Casey Kim,pro,2,2,19,0.4211,1,462,2.3136,9,0.6261,0.0,0,0.309,0.9938,0.5805,0.0621,0,1,37,8,0.6271,1
sub_01974,Riley Patel,pro_plus,1,1,14,0.2857,0,479,0.3482,0,0.2171,0.0,0,0.3149,0.9647,0.6579,0.0315,0,0,2,21,0.1511,1
sub_01989,Sam Brown,pro,2,1,15,0.2667,0,463,2.3001,10,0.6946,0.0,0,0.3195,0.8785,0.4738,0.0222,0,0,3,15,0.4064,0
sub_01992,Riley Wilson,pro_plus,2,3,13,0.9231,2,459,0.3329,0,0.1761,0.0,0,0.3226,0.8419,0.6404,0.0248,0,0,9,15,0.0976,0
sub_02011,Taylor Brown,pro_plus,2,0,20,0.0,11,480,0.3588,0,0.0963,0.0,0,0.1238,0.8968,0.5385,0.0328,0,0,17,5,0.3054,0
sub_02016,Alex Davis,pro,0,0,2,0.0,12,148,0.3264,0,0.1696,0.0,0,0.1504,1.0542,0.5872,0.0245,0,0,2,2,0.0791,0
sub_02018,Casey Lee,pro,4,0,11,0.0,9,312,0.6745,0,0.1982,0.0,0,0.2443,1.0505,0.6191,0.0386,0,0,22,9,0.3762,0
sub_02031,Sam Kim,pro,1,2,6,1.3333,2,248,0.4879,0,0.1674,0.0,0,0.2613,0.8103,0.5548,0.1471,1,0,8,6,0.5525,1
sub_02034,Morgan Patel,pro,2,0,5,0.0,31,345,0.7555,0,0.156,0.0,0,0.359,1.0974,0.7442,0.0251,0,0,7,3,0.4295,1
sub_02039,Alex Garcia,pro,3,4,16,1.0,0,453,1.4072,2,0.3812,0.0,0,0.2221,0.812,0.4856,0.0334,0,0,9,21,0.3047,0
sub_02040,Taylor Davis,ultra,23,5,15,1.3333,0,1455,0.1627,0,0.1612,0.0,0,0.3296,0.9842,0.4915,0.0769,1,0,10,10,0.0863,0
sub_02055,Sam Garcia,pro,0,0,11,0.0,14,101,0.2418,0,0.0997,0.0,0,0.343,0.9152,0.7053,0.1215,0,0,5,10,0.5566,0
sub_02096,Riley Davis,pro,1,0,2,0.0,13,260,0.5998,0,0.1798,0.0,0,0.4151,1.1227,0.6221,0.0385,0,0,4,1,0.2094,0
sub_02138,Jordan Kim,pro,2,3,10,1.2,0,434,1.7015,6,0.7275,0.0,0,0.2664,1.0304,0.5952,0.0486,0,0,11,4,0.326,1
sub_02180,Alex Nguyen,pro_plus,0,2,17,0.4706,0,1099,0.7932,0,0.102,0.0,0,0.3329,1.1736,0.7615,0.0438,0,0,28,24,0.0703,1
sub_02185,Jordan Garcia,ultra,4,6,18,1.3333,2,272,0.031,0,0.1256,0.0,0,0.3388,0.9609,0.5646,0.0246,0,0,9,23,0.3023,0
sub_02208,Casey Garcia,pro,3,5,10,2.0,1,470,1.8616,6,0.558,0.0,0,0.3857,1.0731,0.6816,0.0327,0,0,19,6,0.8227,1
sub_02210,Quinn Brown,pro,2,6,13,1.8462,0,605,1.2986,3,0.2856,6.53,1,0.235,0.8989,0.3337,0.1285,1,1,16,18,0.724,0
sub_02229,Alex Brown,pro,1,4,12,1.3333,1,404,0.891,0,0.2844,0.0,0,0.3324,1.0037,0.6833,0.0329,0,0,27,3,0.4956,0
sub_02232,Jordan Kim,pro_plus,1,5,19,1.0526,0,833,0.5945,0,0.1938,0.0,0,0.2466,1.06,0.6329,0.0637,0,0,27,13,0.2699,1
sub_02250,Sam Lee,pro,0,3,13,0.9231,0,182,0.3975,0,0.2123,0.0,0,0.1665,0.8859,0.5481,0.0735,1,1,3,21,0.5896,0
sub_02253,Alex Wilson,pro,7,0,6,0.0,11,398,0.8629,1,0.3031,0.0,0,0.2876,0.8459,0.495,0.0292,0,0,6,6,0.3418,1
sub_02340,Sam Nguyen,pro,1,2,7,1.1429,2,159,0.3021,0,0.1874,0.0,0,0.2359,0.9624,0.563,0.039,0,0,8,1,0.213,1
sub_02354,Quinn Nguyen,pro_plus,4,5,12,1.6667,0,336,0.2592,0,0.1261,0.0,0,0.0828,0.8276,0.4922,0.0282,0,0,10,18,0.3941,0
sub_02370,Jordan Patel,pro,1,4,12,1.3333,1,440,3.0,11,0.7379,0.0,0,0.2675,1.0326,0.472,0.022,0,1,16,8,0.2376,0
sub_02377,Casey Nguyen,pro,15,2,8,1.0,2,261,0.6075,0,0.1608,0.0,0,0.3225,0.9608,0.7243,0.0292,0,0,9,1,0.4489,1
sub_02384,Alex Garcia,pro,9,0,5,0.0,14,453,0.9568,0,0.2256,0.0,0,0.2921,0.9129,0.7397,0.0345,0,0,6,3,0.6549,1
sub_02403,Casey Lee,pro,3,0,3,0.0,36,135,0.2959,0,0.2624,0.0,0,0.2995,1.0293,0.6098,0.022,0,0,5,0,0.368,0
sub_02404,Casey Brown,ultra,0,4,16,1.0,0,366,0.0424,0,0.0909,0.0,0,0.3559,0.9374,0.5768,0.0253,0,0,13,9,0.0906,0
sub_02410,Alex Kim,pro,2,0,4,0.0,23,96,0.2222,0,0.2836,0.0,0,0.3666,0.8299,0.3967,0.1151,1,0,6,0,0.101,0
sub_02411,Quinn Kim,pro_plus,0,3,17,0.7059,1,887,0.6535,0,0.202,0.0,0,0.2702,0.9885,0.5492,0.0296,0,0,35,1,0.3139,1
sub_02419,Morgan Nguyen,ultra,3,1,20,0.2,0,868,0.0997,0,0.212,0.0,0,0.2988,1.0179,0.4245,0.0406,0,0,33,18,0.8705,0
sub_02434,Alex Wilson,pro,0,2,10,0.8,0,154,0.348,0,0.215,0.0,0,0.2323,1.059,0.6863,0.0364,0,0,11,7,0.53,0
sub_02435,Quinn Lee,pro_plus,2,5,16,1.25,0,1379,1.0762,3,0.2938,0.0,0,0.2972,1.0878,0.6527,0.0335,0,1,13,21,0.6061,1
sub_02437,Riley Nguyen,pro,5,1,8,0.5,0,27,0.0616,0,0.196,0.0,0,0.3656,1.1576,0.8523,0.061,0,0,7,5,0.342,1
sub_02466,Jordan Patel,pro,6,0,6,0.0,12,45,0.1085,0,0.2128,0.0,0,0.2346,0.8432,0.4259,0.0722,1,0,8,7,0.4467,0
sub_02479,Morgan Garcia,pro,5,1,10,0.4,2,446,1.6123,3,0.5411,0.0,0,0.3024,0.9698,0.7052,0.0718,1,0,9,12,0.2814,0
sub_02482,Taylor Wilson,pro,7,0,2,0.0,19,276,0.6104,0,0.2149,0.0,0,0.3545,0.8182,0.7488,0.0296,0,0,1,2,0.23,0
sub_02497,Alex Nguyen,pro,9,5,10,2.0,0,67,0.1565,0,0.2569,0.0,0,0.0948,0.8447,0.5089,0.0224,0,0,22,0,0.1607,0
sub_02504,Morgan Patel,pro_plus,7,5,17,1.1765,0,636,0.4789,0,0.1655,0.0,0,0.2634,0.9897,0.6061,0.0512,0,0,20,8,0.1542,0
sub_02524,Morgan Davis,pro,2,5,10,2.0,0,118,0.2757,0,0.2208,0.0,0,0.1545,0.8742,0.3465,0.0201,0,0,31,3,0.1802,0
sub_02529,Casey Wilson,pro,2,0,10,0.0,34,216,0.452,0,0.1452,0.0,0,0.2527,0.8293,0.6117,0.0889,1,0,12,6,0.8483,0
sub_02582,Riley Patel,pro,2,1,7,0.5714,2,295,0.7373,0,0.3785,0.0,0,0.1629,0.8086,0.4292,0.1,1,0,6,15,0.1625,1
sub_02601,Sam Wilson,pro_plus,1,6,17,1.4118,2,841,0.6241,0,0.1109,0.0,0,0.1189,0.7633,0.4597,0.0236,0,0,10,19,0.3111,0
sub_02611,Riley Brown,ultra,0,2,13,0.6154,0,514,0.056,0,0.1004,0.0,0,0.3344,1.1649,0.6785,0.1006,0,0,26,4,0.1614,0
sub_02651,Taylor Kim,pro,12,3,14,0.8571,2,481,3.0,16,0.6305,0.0,0,0.2273,1.1344,0.6381,0.0388,0,0,18,4,0.2385,1
sub_02669,Jordan Brown,pro,2,3,14,0.8571,1,243,0.5349,0,0.2495,0.0,0,0.2987,1.0182,0.7282,0.0705,0,0,7,19,0.2024,0
sub_02673,Quinn Brown,pro,20,0,2,0.0,10,114,0.2623,0,0.3336,0.0,0,0.2546,0.8983,0.5532,0.048,0,0,3,0,0.4715,0
sub_02833,Alex Patel,pro,14,1,5,0.8,1,239,0.5266,0,0.1402,0.0,0,0.333,0.901,0.6183,0.0749,1,0,9,1,0.0687,0
sub_02866,Quinn Wilson,pro,13,0,0,0.0,21,254,0.5576,0,0.2461,0.0,0,0.3298,1.0209,0.6176,0.072,1,1,0,0,0.8929,1
sub_02867,Casey Garcia,pro,3,4,8,2.0,0,207,0.5325,0,0.3657,0.0,0,0.2004,0.8871,0.5131,0.0337,0,0,0,16,0.1738,1
sub_02884,Riley Garcia,pro,0,3,6,2.0,0,25,0.0762,0,0.1584,0.0,0,0.2965,0.9148,0.4531,0.0281,0,0,1,12,0.1301,1
sub_02903,Riley Patel,pro,2,2,2,2.0,0,129,0.2841,0,0.2411,0.0,0,0.2192,0.9546,0.5298,0.0538,0,0,3,3,0.2125,0
sub_02965,Riley Brown,pro,1,1,17,0.2353,0,403,0.851,1,0.3859,0.0,0,0.3347,1.0661,0.6725,0.075,1,0,21,11,0.7916,0
sub_03010,Quinn Garcia,pro,14,5,21,0.9524,0,440,1.1142,1,0.4417,0.0,0,0.2891,0.9523,0.5651,0.0898,1,2,39,4,0.2634,0
sub_03110,Quinn Kim,pro,0,3,10,1.2,2,453,1.0027,2,0.1478,0.0,0,0.2867,0.9113,0.4396,0.0206,0,0,4,14,0.116,1
sub_03148,Morgan Garcia,pro,2,5,12,1.6667,1,451,1.2329,4,0.5422,0.0,0,0.2893,1.0683,0.5958,0.0275,0,0,16,5,0.1774,0
sub_03170,Taylor Garcia,pro,0,3,13,0.9231,2,497,1.0707,3,0.4595,1.97,1,0.2108,0.9467,0.4561,0.0429,0,1,15,17,0.2367,0
sub_03174,Sam Garcia,pro,0,2,15,0.5333,2,345,0.8084,0,0.2189,0.0,0,0.2475,0.9708,0.6942,0.0224,0,0,13,14,0.4984,1
sub_03183,Quinn Patel,pro,0,0,10,0.0,28,381,0.8903,0,0.2327,0.0,0,0.2262,0.9086,0.5539,0.1035,1,0,5,14,0.0878,0
sub_03184,Quinn Brown,pro,0,4,12,1.3333,1,129,0.2653,0,0.2071,0.0,0,0.2404,0.9836,0.6858,0.0728,0,0,22,4,0.5091,0
sub_03193,Jordan Brown,pro_plus,4,6,19,1.2632,1,651,0.4826,0,0.2436,0.0,0,0.2055,0.9231,0.4458,0.0389,0,0,27,7,0.4432,0
sub_03210,Alex Kim,pro,12,3,11,1.0909,1,248,0.5478,0,0.2228,0.0,0,0.3669,0.9084,0.3674,0.0733,1,0,13,3,0.2552,1
sub_03242,Casey Garcia,ultra,1,3,16,0.75,1,1130,0.1275,0,0.2488,0.0,0,0.2086,0.8178,0.4776,0.0853,1,1,22,4,0.2197,0
sub_03243,Taylor Kim,pro,0,1,9,0.4444,1,222,0.5012,0,0.2149,0.0,0,0.1615,0.8552,0.3334,0.0856,1,1,12,7,0.7471,1
sub_03244,Taylor Nguyen,pro,9,1,11,0.3636,0,368,0.7281,0,0.2677,0.0,0,0.2416,1.0064,0.5842,0.0348,0,0,7,1,0.5738,0
sub_03250,Alex Patel,pro,8,2,10,0.8,0,500,1.1679,2,0.4404,0.0,0,0.1917,0.9083,0.4543,0.0217,0,0,6,8,0.3496,0
sub_03277,Taylor Wilson,pro,5,3,10,1.2,0,460,1.04,4,0.6434,0.0,0,0.1725,1.0345,0.5475,0.0237,0,2,11,5,0.4596,0
sub_03301,Quinn Nguyen,pro,10,5,13,1.5385,1,473,1.5552,4,0.5385,0.0,0,0.29,0.9079,0.6259,0.0298,0,0,22,4,0.6714,1
sub_03306,Taylor Lee,pro,4,0,10,0.0,15,357,0.8177,0,0.2276,0.0,0,0.192,0.8475,0.4048,0.0855,1,1,17,3,0.1282,0
sub_03312,Riley Lee,ultra,7,4,17,0.9412,1,338,0.0386,0,0.2009,0.0,0,0.2745,0.9556,0.432,0.0628,0,0,20,14,0.2119,0
sub_03318,Alex Wilson,pro,2,4,17,0.9412,0,350,0.793,0,0.3237,0.0,0,0.2621,1.1439,0.647,0.0286,0,0,9,13,0.7797,1
sub_03347,Riley Garcia,pro,11,0,5,0.0,7,325,0.6699,0,0.1698,0.0,0,0.3565,1.1175,0.6908,0.0201,0,0,5,1,0.3355,1
sub_03359,Morgan Garcia,pro_plus,0,1,10,0.4,2,252,0.1718,0,0.2036,0.0,0,0.1796,0.878,0.4888,0.0214,0,0,12,5,0.1987,1
sub_03365,Casey Wilson,pro,7,3,13,0.9231,0,471,1.3062,7,0.7252,0.0,0,0.2759,1.0301,0.5601,0.0649,0,0,29,3,0.2074,0
sub_03368,Quinn Patel,pro_plus,1,3,8,1.5,1,1204,0.8569,1,0.1968,0.0,0,0.3002,1.0428,0.5755,0.02,0,1,1,10,0.1259,1
sub_03380,Jordan Nguyen,pro_plus,10,3,14,0.8571,1,561,0.4343,0,0.4001,0.0,0,0.2633,1.0135,0.6563,0.0204,0,0,27,1,0.0873,0
sub_03402,Alex Davis,pro_plus,12,1,17,0.2353,2,689,0.5238,0,0.2259,0.0,0,0.3372,0.9579,0.5838,0.0837,1,0,25,10,0.4961,1
sub_03417,Casey Lee,pro_plus,13,3,11,1.0909,1,1327,1.1517,0,0.1743,0.0,0,0.1323,0.8301,0.4475,0.0327,0,0,12,4,0.0131,0
sub_03424,Jordan Patel,pro,2,4,8,2.0,1,785,1.7887,9,0.6393,16.29,1,0.1741,0.9295,0.5461,0.0577,0,1,13,8,0.0544,0
sub_03444,Alex Kim,pro,0,0,5,0.0,20,168,0.3825,0,0.3115,0.0,0,0.3702,1.0687,0.609,0.0822,1,0,5,3,0.8871,0
sub_03466,Quinn Kim,pro,4,1,11,0.3636,2,370,0.8,0,0.0624,0.0,0,0.2234,0.9667,0.6392,0.0918,1,1,21,0,0.4173,0
sub_03507,Taylor Garcia,pro,5,3,17,0.7059,2,725,1.5444,3,0.5026,11.81,1,0.2727,0.8818,0.4807,0.0968,1,1,18,19,0.2423,1
sub_03528,Alex Garcia,pro,0,3,14,0.8571,0,382,0.8772,2,0.4177,0.0,0,0.3696,1.1817,0.7882,0.0224,0,0,16,9,0.3445,1
sub_03537,Sam Wilson,pro_plus,13,4,15,1.0667,1,468,0.3365,0,0.2793,0.0,0,0.3354,1.0139,0.766,0.0743,1,0,16,14,0.2326,1
sub_03558,Morgan Lee,ultra,3,5,20,1.0,0,925,0.1053,0,0.1248,0.0,0,0.3623,1.0758,0.6714,0.123,1,0,48,0,0.3509,1
sub_03568,Morgan Davis,pro,1,4,12,1.3333,2,429,0.946,2,0.3773,0.0,0,0.1374,0.9891,0.5884,0.0263,0,0,16,12,0.3185,1
sub_03587,Sam Lee,pro,11,3,8,1.5,0,581,1.2541,2,0.4421,4.73,0,0.1934,0.9561,0.5785,0.1053,0,0,14,1,0.2871,0
sub_03626,Quinn Lee,pro,14,1,10,0.4,0,921,2.7137,11,0.6543,29.88,1,0.2307,0.8706,0.4593,0.0232,0,1,7,14,0.0526,1
sub_03630,Alex Garcia,pro,9,2,8,1.0,0,417,1.71,3,0.3459,0.0,0,0.2019,0.7353,0.3645,0.1794,1,0,7,1,0.0098,1
sub_03678,Casey Davis,pro_plus,3,6,20,1.2,0,1369,1.8386,9,0.5812,0.0,0,0.239,0.9431,0.4995,0.0956,1,2,43,5,0.1619,1
sub_03681,Morgan Brown,pro,0,1,12,0.3333,1,451,1.2817,5,0.5808,0.0,0,0.2382,0.9512,0.4764,0.116,1,1,6,18,0.2264,0
sub_03713,Taylor Garcia,pro,0,0,5,0.0,12,95,0.2272,0,0.1258,0.0,0,0.3486,1.0016,0.5871,0.0282,0,0,5,4,0.032,0
sub_03733,Taylor Kim,pro,3,1,7,0.5714,2,382,0.8639,0,0.4012,0.0,0,0.2355,0.9286,0.4885,0.0901,0,0,11,4,0.7105,1
sub_03756,Casey Nguyen,pro,4,0,10,0.0,22,101,0.1854,0,0.2062,0.0,0,0.3487,0.9368,0.671,0.0787,1,1,8,7,0.1963,0
sub_03777,Quinn Patel,ultra,0,6,22,1.0909,0,139,0.0152,0,0.2841,0.0,0,0.3178,1.0353,0.6723,0.0335,0,0,43,10,0.469,0
sub_03796,Taylor Davis,pro,0,1,10,0.4,2,426,1.1381,1,0.4424,0.0,0,0.159,0.9169,0.3133,0.0821,1,1,20,5,0.7606,1
sub_03818,Riley Lee,ultra,9,6,19,1.2632,2,461,0.0496,0,0.4252,0.0,0,0.4175,1.0405,0.7972,0.0212,0,1,23,13,0.0659,0
sub_03905,Quinn Patel,pro,4,0,1,0.0,12,32,0.0575,0,0.2066,0.0,0,0.2373,0.9412,0.5684,0.0332,0,0,0,0,0.043,0
sub_03951,Casey Davis,pro,1,2,7,1.1429,2,504,1.1134,1,0.2827,2.55,1,0.2447,1.0252,0.3733,0.101,1,1,9,5,0.1463,0
sub_03959,Quinn Patel,pro,9,1,12,0.3333,0,470,1.4653,1,0.4395,0.0,0,0.2969,0.9128,0.4508,0.0238,0,0,9,12,0.4386,1
sub_03962,Quinn Garcia,pro,6,4,15,1.0667,1,476,3.0,12,0.7855,0.0,0,0.4356,1.1071,0.7122,0.083,1,1,27,3,0.2533,0
sub_03974,Riley Wilson,pro,10,0,6,0.0,9,165,0.388,0,0.3501,0.0,0,0.3192,0.9077,0.6252,0.0241,0,1,3,2,0.6711,1
sub_03978,Sam Garcia,pro_plus,3,1,22,0.1818,2,754,0.5696,0,0.1588,0.0,0,0.3445,1.0092,0.5437,0.031,0,0,6,25,0.7368,0
sub_03986,Casey Patel,pro,21,1,7,0.5714,1,486,1.2247,3,0.5248,0.0,0,0.2588,1.0444,0.4833,0.0316,0,0,8,5,0.697,0
sub_04010,Taylor Nguyen,pro,5,2,12,0.6667,0,427,1.0284,2,0.4099,0.0,0,0.2936,0.9979,0.5928,0.0242,0,0,6,14,0.2773,0
sub_04024,Morgan Garcia,pro,10,1,8,0.5,2,289,0.6277,0,0.3082,0.0,0,0.3404,1.2467,0.8321,0.0372,0,0,7,8,0.403,0
sub_04044,Riley Nguyen,pro,5,3,3,3.0,2,347,0.7784,0,0.351,0.0,0,0.2184,0.9151,0.5244,0.0398,0,0,4,2,0.4741,0
sub_04046,Sam Davis,pro,5,1,5,0.8,0,216,0.5006,0,0.1129,0.0,0,0.2515,0.8808,0.5237,0.0374,0,1,4,2,0.2723,0
sub_04058,Morgan Wilson,pro,0,0,13,0.0,7,838,1.7496,1,0.3304,10.12,1,0.1694,1.0266,0.7493,0.0301,0,2,28,2,0.2662,1
sub_04085,Riley Nguyen,pro,1,4,17,0.9412,0,456,2.9911,9,0.5739,0.0,0,0.2699,1.0057,0.689,0.0351,0,0,16,19,0.2059,0
sub_04114,Jordan Davis,pro,18,3,20,0.6,1,651,1.4497,4,0.4844,9.11,1,0.405,0.899,0.7364,0.0505,0,0,31,10,0.2311,0
sub_04116,Casey Brown,pro,1,1,13,0.3077,1,344,0.8564,1,0.421,0.0,0,0.2196,1.0697,0.4279,0.0701,1,3,29,2,0.0411,1
sub_04140,Riley Kim,pro,6,5,20,1.0,1,760,1.7052,5,0.4809,11.17,0,0.3277,0.9086,0.4969,0.0872,1,0,36,12,0.2483,0
sub_04144,Quinn Patel,pro_plus,1,1,20,0.2,2,278,0.2142,0,0.2458,0.0,0,0.2496,0.8001,0.5522,0.0403,0,0,17,16,0.5321,0
sub_04148,Jordan Nguyen,pro,2,3,5,2.4,1,333,0.7211,0,0.312,0.0,0,0.2987,1.0926,0.7248,0.0256,0,1,6,3,0.2544,0
sub_04166,Quinn Nguyen,pro,0,5,13,1.5385,1,454,1.0368,4,0.5712,0.0,0,0.2261,0.9846,0.5306,0.0284,0,1,5,21,0.7462,0
sub_04180,Taylor Patel,pro,13,1,9,0.4444,0,167,0.3975,0,0.2564,0.0,0,0.1802,1.052,0.7655,0.0439,0,0,13,5,0.9019,0
sub_04215,Riley Wilson,pro_plus,7,1,13,0.3077,0,669,0.4806,0,0.2698,0.0,0,0.3148,0.8336,0.4761,0.0295,0,0,31,5,0.6338,0
sub_04226,Casey Lee,pro_plus,2,2,15,0.5333,2,436,0.3181,0,0.2121,0.0,0,0.3735,0.9698,0.7482,0.162,1,0,29,6,0.1742,1
sub_04231,Casey Brown,pro,5,2,5,1.6,0,464,1.011,0,0.3188,0.0,0,0.2058,1.023,0.6944,0.0413,0,0,4,8,0.3425,1
sub_04278,Quinn Kim,pro,6,1,7,0.5714,2,353,0.7815,0,0.1897,0.0,0,0.3151,0.9353,0.6397,0.0511,0,0,4,0,0.2844,0
sub_04305,Taylor Nguyen,pro,2,1,8,0.5,2,38,0.0937,0,0.2168,0.0,0,0.3737,0.9351,0.564,0.0722,1,1,6,10,0.0324,0
sub_04309,Taylor Wilson,pro,8,0,2,0.0,27,118,0.2595,0,0.1945,0.0,0,0.3063,1.0387,0.5758,0.0267,0,0,4,1,0.7304,0
sub_04322,Riley Lee,pro,7,0,6,0.0,7,22,0.052,0,0.0829,0.0,0,0.2302,0.8003,0.3276,0.0233,0,0,5,4,0.7598,1
sub_04323,Quinn Garcia,pro,3,3,17,0.7059,1,337,0.7287,0,0.1772,0.0,0,0.237,0.8425,0.4836,0.0878,1,0,16,17,0.0796,0
sub_04327,Casey Patel,pro,3,3,12,1.0,0,263,0.6248,0,0.29,0.0,0,0.3342,1.1408,0.7514,0.0324,0,1,8,14,0.1117,0
sub_04382,Riley Lee,pro,3,2,9,0.8889,1,415,1.0178,0,0.2523,0.0,0,0.2683,1.1393,0.829,0.0235,0,1,11,7,0.5553,1
sub_04416,Jordan Patel,pro,4,2,12,0.6667,0,396,0.8339,1,0.3994,0.0,0,0.3938,1.0266,0.6716,0.022,0,0,9,10,0.2381,0
sub_04466,Sam Davis,pro,0,0,2,0.0,7,98,0.2067,0,0.241,0.0,0,0.2812,0.9309,0.6044,0.0217,0,0,0,0,0.4126,0
sub_04473,Morgan Patel,pro,1,1,7,0.5714,1,110,0.2659,0,0.3153,0.0,0,0.3512,1.2309,0.8155,0.0299,0,0,8,2,0.2943,0
sub_04477,Morgan Brown,pro,20,2,13,0.6154,2,271,0.5803,0,0.2784,0.0,0,0.341,0.888,0.7784,0.0514,0,0,7,9,0.2808,1
sub_04491,Morgan Nguyen,pro,6,4,16,1.0,0,458,1.8848,6,0.5267,0.0,0,0.224,0.9118,0.4958,0.0473,0,0,15,19,0.3409,0
sub_04506,Riley Lee,pro,4,3,16,0.75,2,442,0.9149,2,0.2364,0.0,0,0.189,0.9359,0.4807,0.0291,0,1,19,16,0.4008,0
sub_04563,Casey Kim,pro_plus,8,2,11,0.7273,2,306,0.2362,0,0.2487,0.0,0,0.3483,1.3242,0.7945,0.0289,0,0,20,9,0.1852,0
sub_04568,Casey Davis,pro,3,1,8,0.5,1,332,0.6965,0,0.2462,0.0,0,0.1977,0.8544,0.4368,0.0803,1,0,14,4,0.6502,0
sub_04572,Morgan Lee,pro,2,2,6,1.3333,1,346,0.7509,0,0.2215,0.0,0,0.203,0.8461,0.4614,0.077,1,0,5,4,0.4779,0
sub_04573,Riley Lee,pro,3,1,13,0.3077,2,444,1.1585,4,0.3313,0.0,0,0.298,0.9841,0.723,0.0271,0,0,17,13,0.2562,0
sub_04591,Jordan Brown,pro,3,3,14,0.8571,1,174,0.405,0,0.3235,0.0,0,0.1534,0.9554,0.5799,0.0396,0,0,23,6,0.3232,0
sub_04602,Riley Lee,pro,1,2,6,1.3333,0,82,0.1508,0,0.2341,0.0,0,0.3252,0.9212,0.6069,0.0348,0,0,15,1,0.0907,0
sub_04636,Casey Kim,pro_plus,6,6,17,1.4118,1,1104,0.8307,0,0.4095,0.0,0,0.2888,1.0358,0.6901,0.0794,1,1,31,12,0.4362,0
sub_04639,Jordan Brown,pro_plus,6,2,13,0.6154,1,225,0.1445,0,0.3307,0.0,0,0.2987,0.967,0.6385,0.0282,0,1,21,0,0.498,0
sub_04778,Jordan Brown,pro,2,5,20,1.0,1,325,0.747,0,0.2867,0.0,0,0.1435,0.987,0.474,0.0703,1,0,21,18,0.1401,1
sub_04785,Alex Kim,pro_plus,3,5,19,1.0526,2,351,0.2306,0,0.2781,0.0,0,0.3561,1.0024,0.6686,0.0892,1,0,30,8,0.4589,0
sub_04791,Taylor Davis,pro,3,1,8,0.5,0,155,0.3316,0,0.3758,0.0,0,0.2035,0.9146,0.4762,0.0238,0,0,8,7,0.1988,0
sub_04811,Casey Kim,pro,2,0,3,0.0,13,48,0.0952,0,0.2365,0.0,0,0.2667,1.1027,0.6712,0.0851,0,0,4,0,0.1206,0
sub_04847,Taylor Patel,pro,0,3,7,1.7143,2,127,0.3,0,0.2123,0.0,0,0.4258,1.1922,0.8592,0.0289,0,0,5,4,0.3314,1
sub_04888,Riley Kim,pro,18,1,6,0.6667,2,122,0.3191,0,0.292,0.0,0,0.3933,1.0256,0.5901,0.057,0,0,4,4,0.3736,0
sub_04910,Alex Brown,pro,0,3,7,1.7143,1,237,0.5119,0,0.2803,0.0,0,0.2063,0.9952,0.5613,0.0293,0,0,5,7,0.1347,0
sub_04925,Sam Kim,pro_plus,4,4,21,0.7619,1,1339,0.9874,1,0.315,0.0,0,0.3152,0.8745,0.4721,0.0898,1,2,23,20,0.1382,0
sub_04969,Riley Kim,pro,18,4,12,1.3333,2,388,0.7914,0,0.4373,0.0,0,0.2956,1.0118,0.8356,0.0884,0,0,14,7,0.138,0
sub_04984,Riley Kim,pro,0,0,8,0.0,16,453,1.1158,5,0.7089,0.0,0,0.4327,0.9704,0.6925,0.0242,0,1,13,4,0.6292,0
sub_04998,Morgan Brown,pro,9,0,7,0.0,9,346,0.7206,0,0.0985,0.0,0,0.2669,0.9134,0.7854,0.0316,0,0,8,5,0.3357,0
sub_05013,Quinn Wilson,pro,0,0,9,0.0,16,264,0.5784,0,0.2478,0.0,0,0.1901,0.9318,0.3514,0.0327,0,0,16,0,0.0583,1
sub_05029,Morgan Lee,pro,0,3,11,1.0909,2,467,1.0497,2,0.3465,0.0,0,0.3623,1.1698,0.8686,0.0359,0,0,8,10,0.0799,0
sub_05053,Morgan Nguyen,pro,14,5,15,1.3333,0,438,1.697,6,0.5305,0.0,0,0.1738,0.8204,0.5443,0.0504,0,0,33,0,0.2651,1
sub_05072,Taylor Lee,pro,2,4,11,1.4545,1,445,1.1081,2,0.4556,0.0,0,0.2871,0.9769,0.5992,0.0358,0,0,29,5,0.2809,0
sub_05082,Sam Lee,pro,0,2,10,0.8,2,424,2.1788,2,0.4285,0.0,0,0.2558,1.0601,0.5199,0.0263,0,0,13,3,0.1828,1
sub_05090,Riley Lee,pro,12,1,1,1.0,1,82,0.1899,0,0.265,0.0,0,0.4055,1.1994,0.8196,0.0284,0,0,0,2,0.0934,1
sub_05097,Jordan Garcia,pro,22,1,4,1.0,0,465,2.2748,6,0.5543,0.0,0,0.2036,0.8084,0.5611,0.088,1,0,4,8,0.0291,1
sub_05110,Casey Lee,pro,4,1,7,0.5714,1,115,0.2172,0,0.2454,0.0,0,0.284,0.9551,0.4108,0.0307,0,0,2,3,0.2158,0
sub_05112,Alex Patel,pro,0,0,0,0.0,14,26,0.0722,0,0.169,0.0,0,0.3933,1.0173,0.7448,0.0825,1,2,0,0,0.105,0
sub_05120,Quinn Brown,pro,5,0,2,0.0,14,208,0.4472,0,0.3085,0.0,0,0.2272,1.0502,0.6515,0.0405,0,1,2,1,0.1918,0
sub_05135,Quinn Patel,pro_plus,28,2,6,1.3333,1,288,0.2175,0,0.1763,0.0,0,0.1948,0.8586,0.4834,0.0804,1,0,10,7,0.269,0
sub_05149,Casey Brown,pro,3,1,8,0.5,0,420,0.8727,3,0.5993,0.0,0,0.2466,0.9026,0.647,0.0485,0,0,5,11,0.0706,1
sub_05157,Quinn Patel,pro,2,1,1,1.0,2,25,0.0504,0,0.314,0.0,0,0.2093,0.9286,0.5248,0.0436,0,0,2,2,0.4159,0
sub_05178,Riley Kim,pro,3,2,14,0.5714,2,451,1.0018,1,0.389,0.0,0,0.2217,0.9876,0.496,0.0296,0,0,5,20,0.1481,0
sub_05181,Morgan Kim,pro,0,3,15,0.8,0,457,1.5546,6,0.7636,0.0,0,0.2358,0.9508,0.4861,0.0789,1,1,31,8,0.38,0
sub_05195,Jordan Brown,pro,4,1,10,0.4,0,362,0.8308,1,0.1694,0.0,0,0.2699,0.9892,0.5553,0.0246,0,0,21,5,0.4693,0
sub_05198,Taylor Kim,pro,2,4,11,1.4545,0,479,0.9883,1,0.2636,0.0,1,0.2721,1.0474,0.6392,0.0221,0,0,10,2,0.0674,0
sub_05233,Riley Kim,pro,3,3,14,0.8571,0,965,2.0013,5,0.6848,14.44,1,0.255,0.9565,0.8275,0.0299,0,0,9,18,0.1279,0
sub_05253,Morgan Davis,pro,0,0,1,0.0,18,54,0.1037,0,0.2645,0.0,0,0.2837,0.9078,0.6823,0.0444,0,0,0,0,0.2446,1
sub_05275,Alex Garcia,pro,1,2,17,0.4706,2,460,0.975,0,0.1625,0.0,0,0.2529,0.9493,0.5828,0.0356,0,0,27,13,0.1345,1
sub_05286,Jordan Brown,pro,13,1,4,1.0,0,489,1.4723,4,0.3963,0.0,0,0.231,0.8936,0.5837,0.0411,0,0,1,8,0.0496,1
sub_05325,Sam Kim,pro,3,3,14,0.8571,2,917,2.1402,3,0.5673,19.61,1,0.2836,1.0718,0.515,0.0272,0,0,24,1,0.3509,1
sub_05329,Morgan Wilson,pro,1,3,13,0.9231,0,347,0.7818,1,0.2768,0.0,0,0.2865,1.1207,0.601,0.0334,0,0,17,7,0.0934,0
sub_05338,Riley Davis,pro,17,2,9,0.8889,1,495,1.1012,2,0.2505,1.4,1,0.198,0.9634,0.6778,0.023,0,0,17,4,0.1248,1
sub_05376,Alex Davis,pro,1,1,14,0.2857,1,379,0.8141,0,0.2338,0.0,0,0.3197,1.1141,0.6341,0.0539,0,0,16,18,0.1379,0
sub_05378,Riley Wilson,pro,3,2,15,0.5333,2,918,2.3787,11,0.7112,26.94,1,0.1961,0.702,0.4936,0.0323,0,1,15,10,0.5192,1
sub_05381,Jordan Garcia,pro,4,3,13,0.9231,0,423,1.7987,4,0.4028,0.0,0,0.2948,1.0377,0.4403,0.0309,0,1,14,10,0.5748,1
sub_05398,Jordan Wilson,pro,0,1,8,0.5,2,301,0.6336,0,0.1584,0.0,0,0.1619,0.9451,0.594,0.0236,0,0,12,5,0.0326,0
sub_05406,Quinn Kim,pro_plus,0,1,12,0.3333,0,539,0.3746,0,0.2756,0.0,0,0.3737,0.9973,0.799,0.095,1,0,17,15,0.485,0
sub_05467,Quinn Lee,pro,0,0,1,0.0,7,42,0.0904,0,0.2372,0.0,0,0.1169,0.8838,0.4528,0.0589,0,0,0,1,0.2669,1
sub_05473,Quinn Wilson,pro_plus,0,5,9,2.2222,0,1046,0.7974,0,0.2356,0.0,0,0.2748,0.9988,0.5834,0.0325,0,1,1,14,0.1582,0
sub_05507,Quinn Wilson,pro,0,1,14,0.2857,0,428,2.2386,5,0.5439,0.0,0,0.3434,1.0182,0.5486,0.0298,0,0,14,13,0.8434,0
sub_05509,Quinn Wilson,pro,20,4,14,1.1429,0,577,1.2156,2,0.4396,3.65,1,0.2308,0.9166,0.3534,0.0763,1,0,19,7,0.3549,0
sub_05524,Riley Garcia,pro,10,2,14,0.5714,0,766,1.7514,6,0.7765,9.34,0,0.2722,0.9483,0.5648,0.0235,0,0,20,10,0.1088,0
sub_05534,Casey Lee,pro_plus,11,7,20,1.4,1,1253,0.8662,0,0.2524,0.0,0,0.3255,1.0618,0.5434,0.056,0,0,8,25,0.7756,0
sub_05540,Alex Brown,pro,7,6,23,1.0435,2,875,3.0,18,0.6066,41.45,1,0.2353,0.8581,0.3981,0.0905,1,1,40,7,0.6477,0
sub_05630,Casey Davis,pro,0,5,13,1.5385,2,389,0.8995,0,0.2381,0.0,0,0.2687,0.825,0.5574,0.0705,1,1,8,21,0.5995,0
sub_05640,Sam Davis,pro,2,4,12,1.3333,1,270,0.6024,0,0.3347,0.0,0,0.3159,0.9807,0.4319,0.034,0,0,6,16,0.3748,0
sub_05689,Sam Lee,pro,2,1,12,0.3333,0,340,0.7984,0,0.372,0.0,0,0.1237,1.0234,0.4161,0.0411,0,0,13,14,0.552,0
sub_05711,Casey Wilson,pro,1,1,18,0.2222,1,384,0.7992,1,0.2386,0.0,0,0.1941,0.8187,0.4864,0.0369,0,0,26,2,0.1854,1
sub_05713,Sam Brown,pro,8,5,18,1.1111,2,489,0.9975,0,0.3039,0.0,1,0.1964,0.9467,0.3771,0.0357,0,0,9,23,0.1327,0
sub_05726,Quinn Nguyen,pro,1,2,2,2.0,2,227,0.5469,0,0.3746,0.0,0,0.1506,0.8372,0.3778,0.0283,0,0,2,0,0.62,0
sub_05741,Casey Garcia,pro,3,2,12,0.6667,1,248,0.5502,0,0.2636,0.0,0,0.3092,0.9924,0.7057,0.0773,1,1,11,20,0.3883,0
sub_05763,Riley Nguyen,pro,3,3,5,2.4,0,444,2.0172,9,0.7596,0.0,0,0.1522,0.9323,0.445,0.0541,0,0,12,2,0.2709,0
sub_05765,Morgan Wilson,pro_plus,12,2,12,0.6667,0,468,0.355,0,0.1824,0.0,0,0.4027,0.9593,0.7877,0.0234,0,1,7,12,0.5469,1
sub_05805,Sam Wilson,pro,6,4,14,1.1429,2,445,2.1698,9,0.5345,0.0,0,0.2494,1.0113,0.5933,0.0377,0,1,15,5,0.0453,1
sub_05817,Jordan Garcia,pro_plus,2,2,14,0.5714,1,367,0.2597,0,0.1389,0.0,0,0.3152,1.0308,0.7667,0.0289,0,0,17,7,0.7291,1
sub_05848,Jordan Garcia,pro,2,0,0,0.0,8,27,0.0991,0,0.2711,0.0,0,0.2736,0.9373,0.5498,0.0403,0,0,0,0,0.1577,0
sub_05862,Alex Garcia,pro,1,1,8,0.5,2,218,0.4848,0,0.4092,0.0,0,0.149,0.9543,0.527,0.106,0,1,7,4,0.1747,1
sub_05896,Morgan Brown,ultra,1,1,13,0.3077,2,333,0.0385,0,0.217,0.0,0,0.2719,0.9256,0.6029,0.0753,0,0,8,8,0.3278,0
sub_05901,Jordan Nguyen,pro,0,3,11,1.0909,1,448,1.1711,2,0.3361,0.0,0,0.1918,0.8539,0.4961,0.0758,1,1,10,21,0.2885,0
sub_05905,Taylor Lee,pro,5,5,18,1.1111,1,441,0.9377,0,0.1589,0.0,0,0.3091,1.1631,0.7115,0.022,0,0,12,27,0.2467,0
sub_05923,Quinn Patel,pro,4,2,8,1.0,1,174,0.4255,0,0.2825,0.0,0,0.1854,1.0245,0.4719,0.0361,0,0,4,2,0.2342,1
sub_05925,Morgan Davis,pro,0,4,14,1.1429,0,453,1.2183,0,0.3097,0.0,0,0.4093,1.0372,0.7125,0.0401,0,0,11,12,0.0829,0
sub_05951,Morgan Wilson,pro,0,2,11,0.7273,2,377,0.8497,0,0.2146,0.0,0,0.3173,0.9713,0.5847,0.083,1,1,17,3,0.6531,0
sub_05996,Casey Garcia,pro,0,1,12,0.3333,1,221,0.4999,0,0.1012,0.0,0,0.1344,0.8286,0.5062,0.0359,0,0,21,8,0.1776,0
sub_06011,Casey Davis,pro,2,0,4,0.0,19,58,0.1412,0,0.0904,0.0,0,0.2665,0.9216,0.4397,0.0227,0,0,2,2,0.4867,1
sub_06012,Quinn Garcia,pro,4,0,0,0.0,46,251,0.5505,0,0.1407,0.0,0,0.2268,0.8149,0.5438,0.0751,1,0,0,0,0.6448,0
sub_06027,Casey Kim,pro,1,2,13,0.6154,0,115,0.2214,0,0.2212,0.0,0,0.2393,1.1495,0.6185,0.048,0,0,22,18,0.1671,1
sub_06053,Riley Kim,pro,1,3,13,0.9231,2,307,0.6968,0,0.3021,0.0,0,0.2814,1.0439,0.5677,0.118,1,0,37,0,0.1931,0
sub_06075,Riley Wilson,pro,8,4,11,1.4545,1,494,1.3186,4,0.4579,0.0,0,0.2434,1.0424,0.5923,0.0342,0,0,15,6,0.4116,0
sub_06078,Taylor Wilson,pro,10,2,15,0.5333,1,396,0.8845,2,0.3413,0.0,0,0.3762,1.0705,0.5874,0.0662,0,0,16,12,0.2318,0
sub_06086,Taylor Garcia,pro_plus,2,7,13,2.1538,1,1204,0.8626,1,0.1997,0.0,0,0.342,0.8909,0.6223,0.0715,1,0,8,16,0.1034,0
sub_06096,Riley Kim,ultra,0,6,21,1.1429,2,697,0.0758,0,0.0828,0.0,0,0.4224,1.1926,0.7405,0.049,0,0,42,6,0.4893,1
sub_06100,Jordan Brown,pro,8,4,13,1.2308,0,463,3.0,10,0.7389,0.0,0,0.3614,1.1419,0.6593,0.0517,0,0,7,13,0.126,0
sub_06139,Alex Kim,pro_plus,2,1,5,0.8,2,427,0.3273,0,0.2952,0.0,0,0.2373,0.9566,0.4909,0.0353,0,0,4,3,0.2152,0
sub_06158,Sam Brown,pro,2,0,1,0.0,17,94,0.1679,0,0.2256,0.0,0,0.1271,0.7568,0.4505,0.0253,0,0,0,1,0.2837,0
sub_06168,Jordan Brown,pro_plus,8,4,7,2.2857,0,816,0.5936,0,0.2925,0.0,0,0.3678,1.1882,0.7935,0.03,0,0,2,7,0.0979,0
sub_06183,Sam Patel,pro,5,0,3,0.0,48,172,0.3657,0,0.2584,0.0,0,0.247,0.8286,0.3699,0.0344,0,0,2,0,0.6269,1
sub_06204,Casey Garcia,pro,9,0,10,0.0,7,367,0.8199,0,0.1212,0.0,0,0.3169,0.9735,0.5991,0.0205,0,0,12,8,0.1011,0
sub_06207,Jordan Garcia,pro,6,1,10,0.4,0,261,0.5315,0,0.1844,0.0,0,0.2249,0.8218,0.4382,0.1,1,0,20,1,0.6642,0
sub_06217,Casey Garcia,pro,0,3,15,0.8,2,637,1.3229,4,0.5912,8.01,1,0.238,0.9552,0.5077,0.0814,1,0,25,5,0.1621,0
sub_06228,Casey Garcia,ultra,7,2,6,1.3333,1,209,0.0228,0,0.2375,0.0,0,0.3369,0.9625,0.7041,0.0358,0,0,4,2,0.686,1
sub_06242,Sam Brown,pro,22,0,4,0.0,8,81,0.1899,0,0.3016,0.0,0,0.2571,0.8885,0.6002,0.0232,0,0,6,4,0.2103,0
sub_06243,Taylor Kim,pro,9,2,8,1.0,2,170,0.3829,0,0.2445,0.0,0,0.2786,0.8971,0.6424,0.0262,0,0,12,5,0.5451,0
sub_06245,Taylor Patel,pro,2,2,15,0.5333,2,880,2.0745,6,0.6543,18.64,0,0.2401,1.0398,0.7597,0.0563,0,0,16,16,0.1642,0
sub_06252,Sam Patel,pro,5,6,7,3.4286,2,277,0.602,0,0.2526,0.0,0,0.2377,0.8828,0.437,0.0257,0,0,12,5,0.1209,1
sub_06278,Taylor Nguyen,pro,9,3,3,3.0,0,101,0.1899,0,0.3321,0.0,0,0.3121,0.9479,0.6441,0.0212,0,0,2,3,0.3689,1
sub_06290,Riley Brown,pro,15,1,12,0.3333,2,323,0.701,0,0.2473,0.0,0,0.3135,1.0281,0.6569,0.0243,0,0,15,7,0.0822,1
sub_06298,Sam Lee,pro,0,4,17,0.9412,1,372,0.8796,0,0.2643,0.0,0,0.1312,0.9813,0.6546,0.0313,0,0,19,19,0.2786,0
sub_06313,Sam Patel,pro_plus,8,3,15,0.8,2,871,0.6468,0,0.368,0.0,0,0.1,0.8465,0.3032,0.06,0,0,13,7,0.2227,0
sub_06315,Taylor Lee,pro,2,0,7,0.0,8,304,0.6854,0,0.3022,0.0,0,0.2681,0.8723,0.569,0.0378,0,0,3,6,0.5534,1
sub_06337,Jordan Lee,pro,19,1,8,0.5,1,178,0.443,0,0.0878,0.0,0,0.3109,1.0283,0.588,0.0225,0,0,13,5,0.5376,0
sub_06345,Jordan Davis,pro,9,0,4,0.0,10,150,0.3334,0,0.1997,0.0,0,0.2591,0.9984,0.5085,0.0321,0,0,5,0,0.356,0
sub_06359,Riley Nguyen,pro,0,1,5,0.8,0,177,0.3602,0,0.2137,0.0,0,0.0948,0.8166,0.3921,0.0356,0,0,3,5,0.2678,1
sub_06375,Quinn Nguyen,pro,3,0,8,0.0,21,309,0.6451,0,0.2607,0.0,0,0.3174,0.8912,0.6862,0.0324,0,1,6,7,0.4872,0
sub_06394,Jordan Garcia,pro,3,1,7,0.5714,2,139,0.3222,0,0.2322,0.0,0,0.298,1.0105,0.5006,0.0941,1,0,3,14,0.6615,0
sub_06398,Quinn Nguyen,pro_plus,0,6,22,1.0909,1,572,0.4529,0,0.2741,0.0,0,0.1782,0.8114,0.4751,0.0888,1,3,17,24,0.1731,0
sub_06419,Sam Brown,pro,2,3,19,0.6316,2,396,0.8513,1,0.2963,0.0,0,0.2575,0.8567,0.5395,0.0213,0,0,16,21,0.2279,0
sub_06459,Quinn Wilson,pro,37,2,2,2.0,2,33,0.0859,0,0.2501,0.0,0,0.2918,0.95,0.6967,0.0324,0,0,0,4,0.1383,1
sub_06468,Alex Wilson,pro,2,1,14,0.2857,1,356,0.8433,0,0.248,0.0,0,0.2812,1.1345,0.6417,0.0851,0,0,12,18,0.414,0
sub_06515,Riley Nguyen,ultra,1,7,18,1.5556,1,680,0.0745,0,0.191,0.0,0,0.3577,1.1098,0.6604,0.0255,0,0,19,10,0.4443,0
sub_06534,Quinn Brown,pro,12,0,8,0.0,27,437,1.1319,3,0.3548,0.0,0,0.2199,1.0415,0.5318,0.0263,0,0,6,10,0.5287,0
sub_06568,Jordan Lee,pro,0,4,10,1.6,2,887,2.2819,10,0.7558,16.35,1,0.3419,1.1573,0.7432,0.052,0,0,13,5,0.5072,1
sub_06569,Sam Kim,pro,7,1,11,0.3636,1,66,0.1334,0,0.042,0.0,0,0.2864,0.9396,0.4873,0.0966,1,0,13,8,0.7152,1
sub_06576,Morgan Brown,ultra,1,4,16,1.0,2,1750,0.1905,0,0.1774,0.0,0,0.2416,0.95,0.6369,0.029,0,0,29,4,0.3567,1
sub_06598,Taylor Nguyen,pro,1,1,10,0.4,2,234,0.5171,0,0.1619,0.0,0,0.2695,0.9301,0.6872,0.055,0,0,13,6,0.2465,1
sub_06622,Morgan Kim,pro,3,5,20,1.0,2,808,1.7513,5,0.7088,13.95,1,0.271,1.0229,0.8643,0.0419,0,1,24,11,0.1292,0
sub_06639,Riley Wilson,pro,5,2,12,0.6667,1,483,1.2632,4,0.6194,0.0,0,0.279,1.0413,0.6944,0.0288,0,0,17,11,0.1064,0
sub_06647,Morgan Davis,pro,5,0,8,0.0,8,96,0.2025,0,0.2457,0.0,0,0.1614,1.01,0.4943,0.0355,0,0,7,5,0.2479,1
sub_06653,Alex Patel,pro,2,1,13,0.3077,0,297,0.7238,0,0.0557,0.0,0,0.2117,0.9546,0.5052,0.0217,0,0,16,3,0.6153,0
sub_06656,Quinn Brown,pro,6,1,11,0.3636,1,350,0.8295,2,0.4634,0.0,0,0.323,0.7757,0.6005,0.0918,1,1,9,10,0.198,1
sub_06684,Casey Kim,pro,3,2,6,1.3333,0,182,0.4037,0,0.2122,0.0,0,0.1869,0.8966,0.5264,0.0567,0,0,5,4,0.054,0
sub_06732,Alex Nguyen,pro,15,2,19,0.4211,1,267,0.6717,0,0.4176,0.0,0,0.3076,0.9357,0.6005,0.0323,0,0,15,12,0.0104,1
sub_06736,Morgan Nguyen,pro,2,2,9,0.8889,2,115,0.2773,0,0.2061,0.0,0,0.2299,1.1709,0.6322,0.0313,0,0,11,10,0.4064,0
sub_06755,Taylor Nguyen,pro,2,3,4,3.0,0,123,0.2555,0,0.2778,0.0,0,0.2001,0.8464,0.4443,0.0587,0,0,4,3,0.3785,0
sub_06760,Casey Patel,pro,13,2,13,0.6154,2,406,0.8912,0,0.2886,0.0,0,0.3337,0.904,0.5668,0.1029,1,1,17,3,0.2058,0
sub_06781,Riley Nguyen,pro,4,0,8,0.0,8,104,0.2361,0,0.2924,0.0,0,0.3218,1.1021,0.6009,0.0268,0,1,10,3,0.2504,1
sub_06816,Sam Brown,pro_plus,11,4,15,1.0667,1,283,0.1929,0,0.2554,0.0,0,0.3258,0.9478,0.6443,0.025,0,0,24,8,0.2498,0
sub_06823,Sam Lee,pro,1,1,13,0.3077,0,448,0.9489,2,0.3332,0.0,0,0.3238,1.0999,0.8026,0.0248,0,0,21,15,0.2396,0
sub_06916,Taylor Patel,pro,0,3,4,3.0,0,219,0.4886,0,0.1608,0.0,0,0.2181,0.8738,0.6275,0.0353,0,0,6,0,0.1732,0
sub_06917,Riley Nguyen,pro,1,4,12,1.3333,0,466,1.2038,4,0.4877,0.0,0,0.2664,1.0355,0.64,0.026,0,2,20,6,0.2784,0
sub_06926,Quinn Patel,pro,11,1,10,0.4,0,319,0.7199,0,0.1931,0.0,0,0.1911,0.8248,0.4336,0.0272,0,0,9,9,0.132,0
sub_06940,Jordan Wilson,pro,2,1,1,1.0,2,338,0.7518,0,0.1918,0.0,0,0.1912,0.7428,0.5543,0.0714,1,0,1,4,0.2135,0
sub_06953,Jordan Nguyen,pro_plus,6,4,17,0.9412,0,543,0.3678,0,0.374,0.0,0,0.1729,0.9299,0.4853,0.0316,0,0,27,7,0.2011,1
sub_06964,Quinn Wilson,pro,3,1,12,0.3333,0,395,0.8314,1,0.2917,0.0,0,0.2862,1.0216,0.5484,0.0807,0,0,12,13,0.6655,0
sub_06971,Morgan Garcia,pro,0,0,4,0.0,14,124,0.3039,0,0.3799,0.0,0,0.1379,0.9852,0.5998,0.0304,0,0,2,6,0.0824,0
sub_07004,Jordan Garcia,pro,7,2,9,0.8889,2,620,1.3086,2,0.386,6.06,1,0.2839,1.1569,0.5106,0.0211,0,0,8,12,0.3086,1
sub_07028,Sam Garcia,pro_plus,5,2,11,0.7273,2,158,0.1227,0,0.101,0.0,0,0.3193,1.0982,0.628,0.087,0,0,8,15,0.2853,1
sub_07038,Casey Patel,pro_plus,1,0,10,0.0,33,58,0.0486,0,0.2644,0.0,0,0.3625,0.9701,0.8083,0.0208,0,1,5,10,0.635,0
sub_07042,Sam Lee,pro,7,0,5,0.0,19,172,0.4487,0,0.2364,0.0,0,0.3131,1.07,0.7374,0.0812,0,0,5,2,0.3434,1
sub_07069,Casey Lee,pro,5,6,19,1.2632,2,460,3.0,16,0.7122,0.0,0,0.2438,0.9782,0.4223,0.0259,0,0,21,19,0.3624,0
sub_07082,Alex Lee,pro_plus,1,5,18,1.1111,1,689,0.4932,0,0.1306,0.0,0,0.359,1.1093,0.4897,0.0231,0,1,17,20,0.186,1
sub_07108,Alex Patel,pro,25,2,8,1.0,0,144,0.295,0,0.0654,0.0,0,0.203,0.8981,0.5721,0.0318,0,0,16,4,0.0428,0
sub_07117,Jordan Wilson,pro,0,0,3,0.0,10,84,0.1669,0,0.2017,0.0,0,0.2209,0.7477,0.6236,0.1101,1,1,3,2,0.7207,0
sub_07167,Alex Lee,pro,36,0,11,0.0,9,97,0.2083,0,0.1919,0.0,0,0.3329,1.0737,0.7688,0.0308,0,0,21,5,0.6208,1
sub_07168,Quinn Kim,pro,3,3,17,0.7059,2,437,1.3254,1,0.3383,0.0,0,0.3127,1.154,0.685,0.0339,0,0,13,18,0.4626,0
sub_07206,Morgan Brown,pro,3,2,14,0.5714,2,390,0.9136,2,0.2962,0.0,1,0.28,1.055,0.611,0.0405,0,1,25,4,0.7822,1
sub_07231,Quinn Garcia,pro,21,0,8,0.0,28,937,2.3056,10,0.6353,27.16,1,0.2568,1.0503,0.7406,0.0519,0,2,5,5,0.1172,0
sub_07242,Casey Wilson,pro_plus,25,0,8,0.0,9,498,0.3726,0,0.0578,0.0,0,0.3166,0.8881,0.5423,0.0423,0,0,6,5,0.3506,1
sub_07248,Quinn Patel,pro,2,3,10,1.2,1,925,1.9483,5,0.6806,12.13,1,0.3409,0.939,0.7653,0.0291,0,2,7,9,0.4195,0
sub_07268,Alex Lee,pro,8,3,12,1.0,0,264,0.5928,0,0.3729,0.0,0,0.2536,0.9813,0.4655,0.0882,1,0,24,2,0.1326,0
sub_07282,Riley Kim,pro,1,2,11,0.7273,2,189,0.4007,0,0.1757,0.0,0,0.2811,0.7192,0.4484,0.0759,1,0,10,5,0.6991,1
sub_07295,Casey Kim,pro,10,2,6,1.3333,0,121,0.2755,0,0.3021,0.0,0,0.2875,0.8685,0.4592,0.0835,0,0,11,4,0.0774,1
sub_07296,Taylor Lee,pro,3,2,3,2.0,1,282,0.6355,0,0.2199,0.0,0,0.4047,1.1574,0.4864,0.081,1,1,0,2,0.2747,1
sub_07306,Riley Nguyen,pro,7,0,16,0.0,10,485,1.1692,3,0.4059,0.0,0,0.2737,0.8583,0.6969,0.0733,0,1,17,11,0.5192,1
sub_07315,Riley Patel,pro,11,0,9,0.0,21,254,0.5476,0,0.314,0.0,0,0.15,0.8879,0.538,0.0717,1,0,10,4,0.6127,0
sub_07328,Morgan Garcia,pro,9,2,9,0.8889,0,262,0.6161,0,0.2705,0.0,0,0.1688,0.864,0.4883,0.0858,1,0,9,7,0.406,1
sub_07356,Taylor Wilson,pro_plus,2,2,9,0.8889,0,287,0.2099,0,0.1284,0.0,0,0.1886,0.9311,0.5562,0.0462,0,0,17,2,0.1113,0
sub_07382,Riley Kim,pro_plus,5,3,8,1.5,1,230,0.1632,0,0.2084,0.0,0,0.3153,1.0893,0.5782,0.1187,1,1,8,6,0.3864,1
sub_07403,Jordan Davis,pro,15,1,4,1.0,0,70,0.1462,0,0.3653,0.0,0,0.272,0.991,0.7454,0.0311,0,0,6,1,0.6647,0
sub_07467,Riley Brown,pro,19,4,4,4.0,2,7,0.0177,0,0.0769,0.0,0,0.1184,0.7629,0.4748,0.0213,0,0,3,2,0.2892,1
sub_07470,Sam Davis,pro,2,0,10,0.0,7,441,1.0848,2,0.3923,0.0,0,0.287,0.8998,0.4719,0.0315,0,0,5,12,0.3866,1
sub_07493,Sam Nguyen,pro,4,2,13,0.6154,2,772,1.7348,6,0.5799,11.06,0,0.2762,1.1049,0.7083,0.0332,0,0,9,15,0.8871,0
sub_07546,Casey Nguyen,pro,2,0,0,0.0,21,26,0.0513,0,0.1928,0.0,0,0.0723,0.667,0.3948,0.0952,1,0,0,0,0.1325,1
sub_07554,Sam Nguyen,pro,10,0,3,0.0,26,289,0.6067,0,0.3334,0.0,0,0.2729,1.005,0.6389,0.0438,0,0,2,0,0.3464,0
sub_07557,Alex Davis,pro_plus,8,4,14,1.1429,2,724,0.5394,0,0.1049,0.0,0,0.2589,0.9548,0.7101,0.043,0,0,24,6,0.4696,0
sub_07606,Casey Davis,pro_plus,1,7,12,2.3333,1,667,0.4941,0,0.1749,0.0,0,0.2492,0.9603,0.6234,0.0962,1,0,14,8,0.16,0
sub_07613,Sam Garcia,pro,2,3,19,0.6316,0,435,3.0,14,0.8184,0.0,0,0.31,0.9451,0.6129,0.0836,1,1,21,16,0.3566,0
sub_07643,Jordan Wilson,pro,25,1,8,0.5,2,44,0.0913,0,0.2441,0.0,0,0.2415,0.9621,0.7309,0.0706,0,0,14,0,0.1787,0
sub_07648,Taylor Wilson,pro_plus,9,5,16,1.25,1,1422,1.9722,10,0.4839,0.0,0,0.2713,0.858,0.614,0.0277,0,1,28,3,0.4235,0
sub_07652,Taylor Brown,pro,1,1,14,0.2857,0,222,0.4849,0,0.2005,0.0,0,0.2047,0.9458,0.4289,0.021,0,1,21,8,0.2363,0
sub_07653,Sam Wilson,pro,5,5,11,1.8182,0,281,0.583,0,0.1202,0.0,0,0.4444,1.2867,0.8736,0.0376,0,0,12,9,0.0316,0
sub_07657,Morgan Garcia,pro,2,0,8,0.0,14,893,1.9858,7,0.7084,20.34,0,0.1515,0.7518,0.3757,0.041,0,0,12,1,0.1651,1
sub_07669,Alex Davis,pro,6,4,7,2.2857,2,186,0.4489,0,0.3456,0.0,0,0.2378,0.8205,0.5301,0.0325,0,0,10,1,0.2104,1
sub_07670,Sam Davis,pro_plus,1,6,22,1.0909,2,1359,1.9107,13,0.5124,0.0,0,0.1769,0.7789,0.418,0.0339,0,0,28,10,0.4505,1
sub_07680,Morgan Nguyen,pro,1,1,1,1.0,1,47,0.1065,0,0.2999,0.0,0,0.3133,1.0093,0.7797,0.0231,0,1,1,1,0.2532,0
sub_07688,Jordan Patel,pro,11,2,11,0.7273,2,243,0.5041,0,0.3008,0.0,0,0.2431,0.805,0.355,0.0789,1,1,7,9,0.347,0
sub_07708,Taylor Davis,pro_plus,7,4,19,0.8421,2,754,0.5237,0,0.2603,0.0,0,0.4164,1.2263,0.7635,0.0209,0,0,37,12,0.1437,1
sub_07732,Morgan Davis,pro,10,1,8,0.5,0,446,0.9458,2,0.3739,0.0,0,0.2189,0.9961,0.5331,0.0911,0,0,9,3,0.0739,1
sub_07749,Riley Wilson,pro,0,0,7,0.0,32,410,0.8316,0,0.2521,0.0,0,0.3069,0.9797,0.4856,0.0369,0,0,7,4,0.1308,0
sub_07818,Casey Wilson,pro,1,1,2,1.0,0,51,0.1015,0,0.1312,0.0,0,0.3902,0.9995,0.6561,0.0838,1,0,1,3,0.8417,0
sub_07822,Alex Kim,pro,12,3,15,0.8,0,930,2.9278,18,0.4746,34.77,1,0.2518,0.8591,0.4458,0.0803,1,1,21,6,0.1448,0
sub_07826,Alex Kim,pro_plus,13,4,17,0.9412,2,180,0.1352,0,0.231,0.0,0,0.3115,0.8014,0.599,0.0807,1,0,36,2,0.1398,0
sub_07837,Taylor Nguyen,pro,30,0,1,0.0,15,137,0.307,0,0.1607,0.0,0,0.1274,0.8876,0.4428,0.0358,0,0,0,2,0.2006,0
sub_07853,Casey Lee,pro_plus,1,4,23,0.6957,2,520,0.3827,0,0.4223,0.0,0,0.3501,0.8435,0.4275,0.078,0,0,37,8,0.0953,0
sub_07866,Casey Brown,pro,1,4,12,1.3333,2,495,1.8567,9,0.601,0.0,0,0.1199,0.9646,0.5278,0.0328,0,0,26,7,0.1824,0
sub_07882,Taylor Davis,pro,0,1,5,0.8,0,84,0.2022,0,0.1507,0.0,0,0.3049,0.9978,0.574,0.0355,0,0,7,7,0.5876,0
sub_07982,Jordan Brown,pro,5,2,11,0.7273,1,395,0.8575,1,0.379,0.0,0,0.1503,0.9018,0.501,0.029,0,0,18,7,0.4387,0
sub_arjun,Arjun (worked example),pro_plus,12,5,20,1.0,0,910,0.66,0,0.18,0.0,0,0.33,1.03,0.69,0.03,1,1,41,12,0.12,0
sub_maya,Maya (worked example),pro,3,2,15,0.5333,2,470,1.02,3,0.64,0.0,0,0.29,0.96,0.58,0.05,1,0,14,19,0.21,1
invalid_teams_seat,Invalid record (teams_seat),teams,0,1,14,0.2857,1,531,1.1523,1,0.2685,1.85,0,0.2093,0.9264,0.6199,0.0203,0,0,21,6,0.1271,1
invalid_accept_rate_missing,Invalid record (accept_rate_missing),pro,0,1,14,0.2857,1,531,1.1523,1,0.2685,1.85,0,,0.9264,0.6199,0.0203,0,0,21,6,0.1271,1
invalid_active_days_inconsistent,Invalid record (active_days_inconsistent),pro,0,7,3,0.2857,1,531,1.1523,1,0.2685,1.85,0,0.2093,0.9264,0.6199,0.0203,0,0,21,6,0.1271,1
invalid_limit_hits_as_text,Invalid record (limit_hits_as_text),pro,0,1,14,0.2857,1,531,1.1523,three,0.2685,1.85,0,0.2093,0.9264,0.6199,0.0203,0,0,21,6,0.1271,1
